congress,chamber,chamber_id,icpsr_id,state_icpsr,district_code,abbrev,party_code,party,born,died,speaker,firstname,stanford_core_id,repeat_last_name,new_core_id
115,House,0,21700,49,19,TX,200,republican,1972,,ARRINGTON,Jodey Cook,1,,x
115,House,0,21701,35,2,NE,200,republican,1963,,BACON,Donald J.,2,,x
115,House,0,21759,24,12,OH,200,republican,1962,,BALDERSON,Troy,3,,x
115,House,0,21702,22,3,IN,200,republican,1979,,BANKS,James E.,4,,x
115,House,0,21703,71,44,CA,100,democrat,1976,,BARRAGAN,Nanette Diaz,5,,x
115,House,0,21704,23,1,MI,200,republican,1947,,BERGMAN,John,6,,x
115,House,0,21705,61,5,AZ,200,republican,1958,,BIGGS,Andrew S.,7,,x
115,House,0,21706,11,1,DE,100,democrat,1962,,BLUNT ROCHESTER,Lisa,8,,x
115,House,0,21707,52,4,MD,100,democrat,1961,,BROWN,Anthony Gregory,9,x,x
115,House,0,21708,47,13,NC,200,republican,1971,,BUDD,Theodore Paul,10,,x
115,House,0,21709,71,24,CA,100,democrat,1964,,CARBAJAL,Salud,11,,x
115,House,0,21710,68,1,WY,200,republican,1966,,CHENEY,Liz,12,,x
115,House,0,21758,49,27,TX,200,republican,1975,,CLOUD,Michael,13,,x
115,House,0,21565,51,1,KY,200,republican,1972,,COMER,James,14,,x
115,House,0,21711,71,46,CA,100,democrat,1958,,CORREA,Jose Luis,15,,x
115,Senate,1,41700,65,0,NV,100,democrat,1964,,CORTEZ MASTO,Catherine Marie,16,,x
115,House,0,21712,43,13,FL,100,democrat,1956,,CRIST,Charlie Joseph Jr.,17,,x
115,House,0,21755,67,3,UT,200,republican,1960,,CURTIS,John R.,18,,x
115,House,0,21713,43,10,FL,100,democrat,1957,,DEMINGS,Valdez Butler,19,,x
115,House,0,21714,43,2,FL,200,republican,1953,,DUNN,Neal Patrick,20,,x
115,House,0,21715,13,13,NY,100,democrat,1954,,ESPAILLAT,Adriano J.,21,,x
115,House,0,21750,32,4,KS,200,republican,1956,,ESTES,Ron,22,,x
115,House,0,21566,14,2,PA,100,democrat,1954,,EVANS,Dwight,23,,x
115,House,0,21716,13,19,NY,200,republican,1952,,FASO,John J.,24,,x
115,House,0,21717,44,3,GA,200,republican,1967,,FERGUSON,Anderson Drew IV,25,,x
115,House,0,21719,43,1,FL,200,republican,1982,,GAETZ,Matthew L. II,26,,x
115,House,0,21720,25,8,WI,200,republican,1984,,GALLAGHER,Michael,27,,x
115,House,0,21751,64,1,MT,200,republican,1961,,GIANFORTE,Greg,28,,x
115,House,0,21754,71,34,CA,100,democrat,1974,,GOMEZ,Jimmy,29,,x
115,House,0,21722,49,15,TX,100,democrat,1967,,GONZALEZ,Vicente Jr.,30,,x
115,House,0,21723,12,5,NJ,100,democrat,1975,,GOTTHEIMER,Josh S.,31,,x
115,Senate,1,29566,48,0,SC,200,republican,1955,,GRAHAM,Lindsey O.,32,,x
115,House,0,21124,82,1,HI,100,democrat,1951,,HANABUSA,Colleen,33,,x
115,House,0,21752,44,6,GA,200,republican,1962,,HANDEL,Karen,34,,x
115,House,0,21139,52,1,MD,200,republican,1957,,HARRIS,Andy,35,x,x
115,Senate,1,41701,71,0,CA,100,democrat,1964,,HARRIS,Kamala Devi,36,x,x
115,Senate,1,41702,4,0,NH,100,democrat,1958,,HASSAN,Margaret (Maggie),37,,x
115,House,0,21369,73,10,WA,100,democrat,1952,,HECK,Denny,38,,x
115,House,0,21760,53,1,OK,200,republican,1961,,HERN,Kevin,39,,x
115,House,0,20519,13,26,NY,100,democrat,1959,,HIGGINS,Brian,40,x,x
115,House,0,21724,45,3,LA,200,republican,1961,,HIGGINS,Clay,41,x,x
115,House,0,21725,22,9,IN,200,republican,1983,,HOLLINGSWORTH,Joseph Albert III,42,,x
115,Senate,1,41707,46,0,MS,200,republican,1959,,HYDE-SMITH,Cindy,43,,x
115,House,0,21726,73,7,WA,100,democrat,1965,,JAYAPAL,Pramila,44,,x
115,House,0,21727,45,4,LA,200,republican,1972,,JOHNSON,Mike,45,x,x
115,House,0,21764,23,13,MI,100,democrat,1959,,JONES,Brenda,46,x,x
115,Senate,1,41705,41,0,AL,100,democrat,1954,,JONES,Gordon Douglas (Doug),47,x,x
115,House,0,29546,47,3,NC,200,republican,1943,,JONES,Walter Beaman,48,x,x
115,Senate,1,41703,45,0,LA,200,republican,1951,,KENNEDY,John Neely,49,x,x
115,House,0,21335,3,4,MA,100,democrat,1980,,KENNEDY,Joseph P. III,50,x,x
115,House,0,21728,71,17,CA,100,democrat,1976,,KHANNA,Rohit,51,,x
115,House,0,21729,65,4,NV,100,democrat,1980,,KIHUEN,Ruben Jesus,52,,x
115,House,0,21730,21,8,IL,100,democrat,1973,,KRISHNAMOORTHI,S. Raja,53,,x
115,House,0,21731,54,8,TN,200,republican,1966,,KUSTOFF,David,54,,x
115,Senate,1,15429,61,0,AZ,200,republican,1942,,KYL,Jon Llewellyn,55,,x
115,House,0,21756,14,18,PA,100,democrat,1984,,LAMB,Conor,56,,x
115,House,0,21732,43,5,FL,100,democrat,1948,,LAWSON,Alfred Jr.,57,,x
115,House,0,21757,61,8,AZ,200,republican,1958,,LESKO,Debbie,58,,x
115,House,0,21733,33,2,MN,200,republican,1955,,LEWIS,Jason Mark,59,x,x
115,House,0,15431,44,5,GA,100,democrat,1940,,LEWIS,John R.,60,x,x
115,House,0,21734,32,1,KS,200,republican,1960,,MARSHALL,Roger Wayne,61,,
115,House,0,21735,43,18,FL,200,republican,1980,,MAST,Brian Jeffery,62,,x
115,House,0,21736,40,4,VA,100,democrat,1961,,MCEACHIN,Aston Donald,63,,x
115,House,0,21737,23,10,MI,200,republican,1961,,MITCHELL,Paul,64,,x
115,House,0,21761,13,25,NY,100,democrat,1957,,MORELLE,Joseph D.,65,,x
115,House,0,21738,43,7,FL,100,democrat,1978,,MURPHY,Stephanie,66,x,x
115,House,0,21753,48,5,SC,200,republican,1953,,NORMAN,Ralph,67,,x
115,House,0,21739,61,1,AZ,100,democrat,1946,,OHALLERAN,Thomas C.,68,,x
115,House,0,21740,71,20,CA,100,democrat,1969,,PANETTA,James Varni,69,,x
115,House,0,21741,52,8,MD,100,democrat,1962,,RASKIN,Jamie Ben,70,,x
115,House,0,21742,43,19,FL,200,republican,1953,,ROONEY,Francis,71,x,x
115,House,0,20910,43,17,FL,200,republican,1970,,ROONEY,Thomas J.,72,x,x
115,House,0,21743,65,3,NV,100,democrat,1957,,ROSEN,Jacklyn Sheryl,73,,x
115,House,0,21744,43,4,FL,200,republican,1952,,RUTHERFORD,John Henry,74,,x
115,House,0,21762,14,7,PA,100,democrat,1959,,SCANLON,Mary Gay,75,,x
115,House,0,21326,21,10,IL,100,democrat,1961,,SCHNEIDER,Brad,76,,x
115,House,0,20731,4,1,NH,100,democrat,1952,,SHEA-PORTER,Carol,77,,x
115,Senate,1,41706,33,0,MN,100,democrat,1958,,SMITH,Tina,78,x,x
115,House,0,21745,14,16,PA,200,republican,1964,,SMUCKER,Lloyd K.,79,,x
115,House,0,21746,43,9,FL,100,democrat,1978,,SOTO,Darren Michael,80,,x
115,Senate,1,41704,41,0,AL,200,republican,1953,,STRANGE,Luther Johnson,81,,x
115,House,0,21747,13,3,NY,100,democrat,1962,,SUOZZI,Thomas,82,,x
115,House,0,21748,40,2,VA,200,republican,1979,,TAYLOR,Scott William,83,,x
115,House,0,21749,13,22,NY,200,republican,1961,,TENNEY,Claudia,84,,x
115,House,0,21763,14,15,PA,100,democrat,1957,,WILD,Susan,85,,x
115,House,0,21522,45,5,LA,200,republican,1954,,ABRAHAM,Ralph,12302,,
115,House,0,21545,47,12,NC,100,democrat,1946,,ADAMS,Alma,12278,,
115,House,0,29701,41,4,AL,200,republican,1965,,ADERHOLT,Robert,11849,,
115,House,0,21506,71,31,CA,100,democrat,1979,,AGUILAR,Peter Rey,12288,,
115,Senate,1,40304,54,0,TN,200,republican,1940,,ALEXANDER,Lamar,11828,,
115,House,0,21516,44,12,GA,200,republican,1951,,ALLEN,Rick W.,12298,,
115,House,0,21143,23,3,MI,200,republican,1980,,AMASH,Justin,11850,,
115,House,0,21196,65,2,NV,200,republican,1958,,AMODEI,Mark E.,12186,,
115,House,0,21551,49,36,TX,200,republican,1948,,BABIN,Brian,12327,,
115,Senate,1,29940,25,0,WI,100,democrat,1962,,BALDWIN,Tammy,11852,,
115,House,0,21171,14,11,PA,200,republican,1956,,BARLETTA,Lou,11853,,
115,House,0,21333,51,6,KY,200,republican,1973,,BARR,Garland H. (Andy) IV,12225,,
115,Senate,1,40707,68,0,WY,200,republican,1952,,BARRASSO,John A.,11826,,
115,House,0,15085,49,6,TX,200,republican,1949,,BARTON,Joe Linus,11854,,
115,House,0,21110,71,37,CA,100,democrat,1953,,BASS,Karen,11855,,
115,House,0,21352,24,3,OH,100,democrat,1950,,BEATTY,Joyce,12248,,
115,House,0,29316,71,34,CA,100,democrat,1958,,BECERRA,Xavier,11856,,
115,Senate,1,40910,62,0,CO,100,democrat,1964,,BENNET,Michael F.,11858,,
115,House,0,21304,71,7,CA,100,democrat,1965,,BERA,Ami,12201,,
115,House,0,21554,40,8,VA,100,democrat,1950,,BEYER,Donald Sternoff Jr.,12329,,
115,House,0,20758,43,12,FL,200,republican,1963,,BILIRAKIS,Gus,11859,,
115,House,0,20357,67,1,UT,200,republican,1951,,BISHOP,Robert (Rob),11860,x,
115,House,0,29339,44,2,GA,100,democrat,1947,,BISHOP,Sanford Dixon,11861,x,
115,House,0,21527,23,8,MI,200,republican,1967,,BISHOP,Michael Dean,12307,x,
115,House,0,21180,54,6,TN,200,republican,1951,,BLACK,Diane,11862,,
115,House,0,20351,54,7,TN,200,republican,1952,,BLACKBURN,Marsha,11863,,
115,House,0,21520,31,1,IA,200,republican,1955,,BLUM,Rod,12299,,
115,House,0,29588,72,3,OR,100,democrat,1948,,BLUMENAUER,Earl,11864,,
115,Senate,1,41101,1,0,CT,100,democrat,1946,,BLUMENTHAL,Richard,11865,,
115,Senate,1,29735,34,0,MO,200,republican,1950,,BLUNT,Roy,11866,,
115,House,0,21198,72,1,OR,100,democrat,1954,,BONAMICI,Suzanne,12187,,
115,Senate,1,41308,12,0,NJ,100,democrat,1969,,BOOKER,Cory Anthony,12271,,
115,Senate,1,20101,42,0,AR,200,republican,1950,,BOOZMAN,John,11867,,
115,House,0,21519,21,12,IL,200,republican,1960,,BOST,Mike,12301,,
115,House,0,21548,14,13,PA,100,democrat,1977,,BOYLE,Brendan Francis,12324,,
115,House,0,29760,49,8,TX,200,republican,1955,,BRADY,Kevin Patrick,11871,x,
115,House,0,29777,14,1,PA,100,democrat,1945,,BRADY,Robert A.,11872,x,
115,House,0,21553,40,7,VA,200,republican,1964,,BRAT,David A.,12276,,
115,House,0,21354,53,1,OK,200,republican,1975,,BRIDENSTINE,Jim,12250,,
115,House,0,21193,41,5,AL,200,republican,1954,,BROOKS,Mo,11873,x,
115,House,0,21331,22,5,IN,200,republican,1960,,BROOKS,Susan,12223,x,
115,Senate,1,29389,24,0,OH,100,democrat,1952,,BROWN,Sherrod,11810,x,
115,House,0,21308,71,26,CA,100,democrat,1952,,BROWNLEY,Julia,12205,,
115,House,0,20709,43,16,FL,200,republican,1951,,BUCHANAN,Vernon G.,11875,,
115,House,0,21510,62,4,CO,200,republican,1959,,BUCK,Kenneth Robert,12292,,
115,House,0,21132,22,8,IN,200,republican,1962,,BUCSHON,Larry,11876,,
115,House,0,20355,49,26,TX,200,republican,1950,,BURGESS,Michael C.,11877,,
115,Senate,1,29548,47,0,NC,200,republican,1955,,BURR,Richard M.,11878,,
115,House,0,21329,21,17,IL,100,democrat,1961,,BUSTOS,Cheri,12221,,
115,House,0,20340,47,1,NC,100,democrat,1947,,BUTTERFIELD,George Kenneth,11879,,
115,House,0,21376,41,1,AL,200,republican,1955,,BYRNE,Bradley,12273,,
115,House,0,29323,71,42,CA,200,republican,1953,,CALVERT,Ken,11880,,
115,Senate,1,39310,73,0,WA,100,democrat,1958,,CANTWELL,Maria E.,11811,,
115,Senate,1,20146,56,0,WV,200,republican,1953,,CAPITO,Shelley Moore,11881,,
115,House,0,29919,3,7,MA,100,democrat,1952,,CAPUANO,Michael Everett,11883,,
115,House,0,21309,71,29,CA,100,democrat,1963,,CARDENAS,Tony,12206,,
115,Senate,1,15408,52,0,MD,100,democrat,1943,,CARDIN,Benjamin Louis,11812,,
115,Senate,1,15015,11,0,DE,100,democrat,1947,,CARPER,Thomas Richard,11813,,
115,House,0,20757,22,7,IN,100,democrat,1974,,CARSON,AndrÃ©,11885,,
115,House,0,20356,49,31,TX,200,republican,1941,,CARTER,John R.,11886,x,
115,House,0,21513,44,1,GA,200,republican,1957,,CARTER,Buddy,12295,x,
115,House,0,21358,14,17,PA,100,democrat,1961,,CARTWRIGHT,Matt,12254,,
115,Senate,1,40703,14,0,PA,100,democrat,1960,,CASEY,Robert (Bob),11814,,
115,Senate,1,20919,45,0,LA,200,republican,1957,,CASSIDY,Bill,11887,,
115,House,0,20708,43,14,FL,100,democrat,1966,,CASTOR,Kathy,11888,,
115,House,0,21362,49,20,TX,100,democrat,1974,,CASTRO,Joaquin,12259,,
115,House,0,29550,24,1,OH,200,republican,1953,,CHABOT,Steve,11889,,
115,House,0,20949,67,3,UT,200,republican,1967,,CHAFFETZ,Jason,11890,,
115,House,0,20955,71,27,CA,100,democrat,1953,,CHU,Judy,11891,,
115,House,0,21172,5,1,RI,100,democrat,1961,,CICILLINE,David N.,11892,,
115,House,0,21375,3,5,MA,100,democrat,1963,,CLARK,Katherine M.,12272,,
115,House,0,20733,13,9,NY,100,democrat,1964,,CLARKE,Yvette Diane,11893,,
115,House,0,20147,34,1,MO,100,democrat,1956,,CLAY,William Lacy,11894,,
115,House,0,20517,34,5,MO,100,democrat,1944,,CLEAVER,Emanuel,11895,,
115,House,0,39301,48,6,SC,100,democrat,1940,,CLYBURN,James Enos,11896,,
115,Senate,1,14009,46,0,MS,200,republican,1937,,COCHRAN,William Thad,11829,,
115,House,0,20906,62,6,CO,200,republican,1955,,COFFMAN,Mike,11898,,
115,House,0,20748,54,9,TN,100,democrat,1949,,COHEN,Stephen,11899,,
115,House,0,20344,53,4,OK,200,republican,1949,,COLE,Tom,11900,,
115,Senate,1,49703,2,0,ME,200,republican,1952,,COLLINS,Susan Margaret,11830,x,
115,House,0,21323,44,9,GA,200,republican,1966,,COLLINS,Doug,12217,x,
115,House,0,21345,13,27,NY,200,republican,1950,,COLLINS,Chris,12246,x,
115,House,0,21555,40,10,VA,200,republican,1959,,COMSTOCK,Barbara J.,12330,,
115,House,0,20531,49,11,TX,200,republican,1948,,CONAWAY,K. Michael,11901,,
115,House,0,20952,40,11,VA,100,democrat,1950,,CONNOLLY,Gerald E. (Gerry),11902,,
115,House,0,10713,23,13,MI,100,democrat,1929,,CONYERS,John,11903,,
115,House,0,21305,71,8,CA,200,republican,1943,,COOK,Paul,12202,,
115,Senate,1,40916,11,0,DE,100,democrat,1963,,COONS,Christopher A.,11847,,
115,House,0,15019,54,5,TN,100,democrat,1954,,COOPER,James Hayes Shofner,11904,,
115,Senate,1,40705,54,0,TN,200,republican,1952,,CORKER,Robert (Bob),11815,,
115,Senate,1,40305,49,0,TX,200,republican,1952,,CORNYN,John,11831,,
115,House,0,20501,71,16,CA,100,democrat,1952,,COSTA,Jim,11905,,
115,House,0,21547,14,6,PA,200,republican,1976,,COSTELLO,Ryan,12323,,
115,Senate,1,21301,42,0,AR,200,republican,1977,,COTTON,Tom,12197,,
115,House,0,20706,1,2,CT,100,democrat,1953,,COURTNEY,Joe,11906,,
115,House,0,21350,36,1,ND,200,republican,1961,,CRAMER,Kevin,12239,,
115,Senate,1,29345,63,0,ID,200,republican,1951,,CRAPO,Michael Dean,11907,,
115,House,0,21106,42,1,AR,200,republican,1966,,CRAWFORD,Rick,11908,,
115,House,0,29925,13,14,NY,100,democrat,1962,,CROWLEY,Joseph,11910,,
115,Senate,1,41304,49,0,TX,200,republican,1970,,CRUZ,Rafael Edward (Ted),12256,,
115,House,0,20533,49,28,TX,100,democrat,1955,,CUELLAR,Henry,11911,,
115,House,0,20139,49,7,TX,200,republican,1956,,CULBERSON,John,11912,,
115,House,0,29587,52,7,MD,100,democrat,1951,,CUMMINGS,Elijah Eugene,11913,,
115,House,0,21512,43,26,FL,200,republican,1980,,CURBELO,Carlos,12294,,
115,Senate,1,21338,64,0,MT,200,republican,1962,,DAINES,Steve,12233,,
115,House,0,21564,24,8,OH,200,republican,1970,,DAVIDSON,Warren,12347,,
115,House,0,29717,21,7,IL,100,democrat,1941,,DAVIS,Danny K.,11914,x,
115,House,0,20108,71,53,CA,100,democrat,1944,,DAVIS,Susan A.,11915,x,
115,House,0,21328,21,13,IL,200,republican,1970,,DAVIS,Rodney,12220,x,
115,House,0,15410,72,4,OR,100,democrat,1947,,DeFAZIO,Peter Anthony,11916,,
115,House,0,29710,62,1,CO,100,democrat,1957,,DeGETTE,Diana,11917,,
115,House,0,21334,52,6,MD,100,democrat,1963,,DELANEY,John,12228,,
115,House,0,29109,1,3,CT,100,democrat,1943,,DeLAURO,Rosa L.,11918,,
115,House,0,31101,73,1,WA,100,democrat,1962,,DelBENE,Suzan K.,12188,,
115,House,0,21109,71,10,CA,200,republican,1967,,DENHAM,Jeff,11919,,
115,House,0,20526,14,15,PA,200,republican,1960,,DENT,Charles W.,11920,,
115,House,0,21318,43,6,FL,200,republican,1978,,DeSANTIS,Ron,12214,,
115,House,0,21504,71,11,CA,100,democrat,1952,,DESAULNIER,Mark James,12286,,
115,House,0,21179,54,4,TN,200,republican,1964,,DESJARLAIS,Scott,11921,,
115,House,0,20959,43,22,FL,100,democrat,1966,,DEUTCH,Theodore E. (Ted),11922,,
115,House,0,20316,43,25,FL,200,republican,1961,,DIAZ-BALART,Mario,11923,,
115,House,0,21529,23,12,MI,100,democrat,1953,,DINGELL,Debbie,12309,,
115,House,0,29571,49,35,TX,100,democrat,1946,,DOGGETT,Lloyd Alton,11924,,
115,Senate,1,20717,22,0,IN,100,democrat,1955,,DONNELLY,Joe,11925,,
115,House,0,21560,13,11,NY,200,republican,1956,,DONOVAN,Daniel M.,12344,,
115,House,0,29561,14,14,PA,100,democrat,1953,,DOYLE,Michael F.,11926,,
115,Senate,1,21325,21,0,IL,100,democrat,1968,,DUCKWORTH,Tammy,12219,,
115,House,0,21189,25,7,WI,200,republican,1971,,DUFFY,Sean,11927,,
115,House,0,21174,48,3,SC,200,republican,1966,,DUNCAN,Jeff,11928,x,
115,House,0,15455,54,2,TN,200,republican,1947,,DUNCAN,John J.,11929,x,
115,Senate,1,15021,21,0,IL,100,democrat,1944,,DURBIN,Richard Joseph,11832,,
115,House,0,20727,33,5,MN,100,democrat,1963,,ELLISON,Keith,11931,,
115,House,0,21531,33,6,MN,200,republican,1961,,EMMER,Thomas Earl II,12311,,
115,House,0,15603,13,16,NY,100,democrat,1947,,ENGEL,Eliot Lance,11933,,
115,Senate,1,49706,68,0,WY,200,republican,1944,,ENZI,Michael B.,11833,,
115,Senate,1,41502,31,0,IA,200,republican,1970,,ERNST,Joni,12339,,
115,House,0,29312,71,18,CA,100,democrat,1942,,ESHOO,Anna Georges,11934,,
115,House,0,21316,1,5,CT,100,democrat,1959,,ESTY,Elizabeth,12212,,
115,House,0,21184,49,27,TX,200,republican,1961,,FARENTHOLD,Blake,11935,,
115,Senate,1,49300,71,0,CA,100,democrat,1933,,FEINSTEIN,Dianne,11816,,
115,Senate,1,41302,35,0,NE,200,republican,1951,,FISCHER,Debra (Deb),12240,,
115,House,0,21718,14,8,PA,200,republican,1973,,FITZPATRICK,Brian K.,11938,,
115,Senate,1,20100,61,0,AZ,200,republican,1962,,FLAKE,Jeff,11939,,
115,House,0,21178,54,3,TN,200,republican,1962,,FLEISCHMANN,Chuck,11940,,
115,House,0,21182,49,17,TX,200,republican,1954,,FLORES,Bill,11942,,
115,House,0,20518,35,1,NE,200,republican,1960,,FORTENBERRY,Jeff,11944,,
115,House,0,20749,21,11,IL,100,democrat,1955,,FOSTER,Bill,12193,,
115,House,0,20521,47,5,NC,200,republican,1943,,FOXX,Virginia Ann,11945,,
115,House,0,21321,43,21,FL,100,democrat,1948,,FRANKEL,Lois,12216,,
115,Senate,1,40904,33,0,MN,100,democrat,1951,,FRANKEN,Al,11846,,
115,House,0,20304,61,8,AZ,200,republican,1957,,FRANKS,Trent,11946,,
115,House,0,29541,12,11,NJ,200,republican,1946,,FRELINGHUYSEN,Rodney P.,11947,,
115,House,0,20941,24,11,OH,100,democrat,1952,,FUDGE,Marcia L.,11948,,
115,House,0,21324,82,2,HI,100,democrat,1981,,GABBARD,Tulsi,12218,,
115,House,0,21502,61,7,AZ,100,democrat,1979,,GALLEGO,Ruben,12285,,
115,House,0,20958,71,3,CA,100,democrat,1945,,GARAMENDI,John,11949,,
115,Senate,1,21112,62,0,CO,200,republican,1974,,GARDNER,Cory,11950,,
115,House,0,21721,40,5,VA,200,republican,1972,,GARRETT,Thomas Alexander Jr.,11951,,
115,House,0,21165,24,7,OH,200,republican,1954,,GIBBS,Bob,11952,,
115,Senate,1,20735,13,0,NY,100,democrat,1966,,GILLIBRAND,Kirsten,11845,,
115,House,0,20527,49,1,TX,200,republican,1953,,GOHMERT,Louie,11954,,
115,House,0,39308,40,6,VA,200,republican,1952,,GOODLATTE,Robert William,11955,,
115,House,0,21103,61,4,AZ,200,republican,1958,,GOSAR,Paul,11956,,
115,House,0,21175,48,4,SC,200,republican,1964,,GOWDY,Trey,11957,,
115,House,0,29762,49,12,TX,200,republican,1943,,GRANGER,Kay,11958,,
115,Senate,1,14226,31,0,IA,200,republican,1933,,GRASSLEY,Charles Ernest,11959,,
115,House,0,20124,34,6,MO,200,republican,1963,,GRAVES,Samuel,11960,x,
115,House,0,20962,44,14,GA,200,republican,1970,,GRAVES,Tom,11961,x,
115,House,0,21523,45,6,LA,200,republican,1972,,GRAVES,Garret,12303,x,
115,House,0,20529,49,9,TX,100,democrat,1947,,GREEN,Al,11962,x,
115,House,0,39304,49,29,TX,100,democrat,1947,,GREEN,Raymond Eugene (Gene),11963,x,
115,House,0,21191,40,9,VA,200,republican,1958,,GRIFFITH,H. Morgan,11964,,
115,House,0,20305,61,3,AZ,100,democrat,1948,,GRIJALVA,RaÃºl M.,11965,,
115,House,0,21559,25,6,WI,200,republican,1955,,GROTHMAN,Glenn,12333,,
115,House,0,20916,51,2,KY,200,republican,1964,,GUTHRIE,Brett,11966,,
115,House,0,29348,21,4,IL,100,democrat,1953,,GUTIERREZ,Luis V.,11967,,
115,House,0,20925,46,3,MS,200,republican,1956,,HARPER,Gregg,11969,,
115,House,0,21149,34,4,MO,200,republican,1960,,HARTZLER,Vicky,11971,,
115,House,0,29337,43,20,FL,100,democrat,1936,,HASTINGS,Alcee Lamar,11972,,
115,Senate,1,14503,67,0,UT,200,republican,1934,,HATCH,Orrin Grant,11817,,
115,Senate,1,20930,66,0,NM,100,democrat,1971,,HEINRICH,Martin,11974,,
115,Senate,1,41303,36,0,ND,100,democrat,1955,,HEITKAMP,Mary Kathryn (Heidi),12238,,
115,Senate,1,20730,65,0,NV,200,republican,1960,,HELLER,Dean,12184,,
115,House,0,20352,49,5,TX,200,republican,1957,,HENSARLING,Jeb,11975,,
115,House,0,21187,73,3,WA,200,republican,1978,,HERRERA BEUTLER,Jaime,11976,,
115,House,0,21514,44,10,GA,200,republican,1960,,HICE,Jody Brownlow,12296,,
115,House,0,21503,42,2,AR,200,republican,1956,,HILL,French,12282,,
115,House,0,20907,1,4,CT,100,democrat,1966,,HIMES,James A.,11978,,
115,Senate,1,20713,82,0,HI,100,democrat,1947,,HIRONO,Mazie,11980,,
115,Senate,1,41107,36,0,ND,200,republican,1957,,HOEVEN,John,11981,,
115,House,0,21349,47,2,NC,200,republican,1968,,HOLDING,George E.B.,12237,,
115,House,0,14873,52,5,MD,100,democrat,1939,,HOYER,Steny Hamilton,11983,,
115,House,0,21346,47,8,NC,200,republican,1971,,HUDSON,Richard,12234,,
115,House,0,21303,71,2,CA,100,democrat,1964,,HUFFMAN,Jared,12200,,
115,House,0,21142,23,2,MI,200,republican,1969,,HUIZENGA,Bill,11985,,
115,House,0,21129,21,14,IL,200,republican,1966,,HULTGREN,Randy,11986,,
115,House,0,20963,71,50,CA,200,republican,1976,,HUNTER,Duncan Duane,11987,,
115,House,0,21550,49,23,TX,200,republican,1977,,HURD,William Ballard,12326,,
115,Senate,1,15424,53,0,OK,200,republican,1934,,INHOFE,James Mountain,11835,,
115,Senate,1,29909,44,0,GA,200,republican,1944,,ISAKSON,Johnny,11989,,
115,House,0,20107,71,49,CA,200,republican,1953,,ISSA,Darrell,11991,,
115,House,0,29573,49,18,TX,100,democrat,1950,,JACKSON LEE,Sheila,11992,,
115,House,0,21343,13,8,NY,100,democrat,1970,,JEFFRIES,Hakeem,12244,,
115,House,0,20915,32,2,KS,200,republican,1963,,JENKINS,Lynn,11993,x,
115,House,0,21558,56,3,WV,200,republican,1960,,JENKINS,Evan H.,12335,x,
115,House,0,21162,24,6,OH,200,republican,1954,,JOHNSON,Bill,11994,x,
115,House,0,39305,49,30,TX,100,democrat,1935,,JOHNSON,Eddie Bernice,11995,x,
115,House,0,20712,44,4,GA,100,democrat,1954,,JOHNSON,Hank,11996,x,
115,Senate,1,41111,25,0,WI,200,republican,1955,,JOHNSON,Ron,11997,x,
115,House,0,29143,49,3,TX,200,republican,1930,,JOHNSON,Sam,11998,x,
115,House,0,20738,24,4,OH,200,republican,1964,,JORDAN,Jim,12000,,
115,House,0,21353,24,14,OH,200,republican,1957,,JOYCE,David,12249,,
115,Senate,1,41305,40,0,VA,100,democrat,1958,,KAINE,Timothy Michael (Tim),12264,,
115,House,0,15029,24,9,OH,100,democrat,1946,,KAPTUR,Marcia Carolyn (Marcy),12001,,
115,House,0,21542,13,24,NY,200,republican,1962,,KATKO,John,12321,,
115,House,0,21140,3,9,MA,100,democrat,1952,,KEATING,William R.,12002,,
115,House,0,21167,14,3,PA,200,republican,1948,,KELLY,Mike,12003,x,
115,House,0,21371,21,2,IL,100,democrat,1956,,KELLY,Robin L.,12268,x,
115,House,0,21561,46,1,MS,200,republican,1966,,KELLY,Trent,12345,x,
115,House,0,21372,23,5,MI,100,democrat,1958,,KILDEE,Dan,12230,,
115,House,0,21368,73,6,WA,100,democrat,1974,,KILMER,Derek,12265,,
115,House,0,29769,25,3,WI,100,democrat,1963,,KIND,Ron,12004,,
115,House,0,29375,13,2,NY,200,republican,1944,,KING,Peter T.,12005,x,
115,House,0,20325,31,4,IA,200,republican,1949,,KING,Steve,12006,x,
115,Senate,1,41300,2,0,ME,328,independent,1944,,KING,Angus Stanley,12229,x,
115,House,0,21128,21,16,IL,200,republican,1978,,KINZINGER,Adam,12007,,
115,Senate,1,40700,33,0,MN,100,democrat,1960,,KLOBUCHAR,Amy,11818,,
115,House,0,21505,71,25,CA,200,republican,1966,,KNIGHT,Steve,12287,,
115,House,0,21340,4,2,NH,100,democrat,1956,,KUSTER,Ann McLane,12241,,
115,House,0,21125,63,1,ID,200,republican,1967,,LABRADOR,Raul,12010,,
115,House,0,21562,21,18,IL,200,republican,1968,,LaHOOD,Darin,12346,,
115,House,0,21302,71,1,CA,200,republican,1960,,LaMALFA,Doug,12199,,
115,House,0,20704,62,5,CO,200,republican,1954,,LAMBORN,Doug,12011,,
115,House,0,20929,12,7,NJ,200,republican,1952,,LANCE,Leonard,12012,,
115,House,0,20136,5,2,RI,100,democrat,1964,,LANGEVIN,James,12013,,
115,Senate,1,21166,53,0,OK,200,republican,1968,,LANKFORD,James,12014,,
115,House,0,20145,73,2,WA,100,democrat,1965,,LARSEN,Richard Ray (Rick),12015,,
115,House,0,29908,1,1,CT,100,democrat,1948,,LARSON,John B.,12016,,
115,House,0,20755,24,5,OH,200,republican,1956,,LATTA,Robert E.,12017,,
115,House,0,21530,23,14,MI,100,democrat,1954,,LAWRENCE,Brenda L,12310,,
115,Senate,1,14307,6,0,VT,100,democrat,1940,,LEAHY,Patrick Joseph,12018,,
115,House,0,29778,71,13,CA,100,democrat,1946,,LEE,Barbara,12019,x,
115,Senate,1,41110,67,0,UT,200,republican,1971,,LEE,Mike,12020,x,
115,House,0,15033,23,9,MI,100,democrat,1931,,LEVIN,Sander Martin,12021,,
115,House,0,21507,71,33,CA,100,democrat,1969,,LIEU,Ted,12289,,
115,House,0,20508,21,3,IL,100,democrat,1966,,LIPINSKI,Daniel,12023,,
115,House,0,29539,12,2,NJ,200,republican,1946,,LoBIONDO,Frank A.,12024,,
115,House,0,20720,31,2,IA,100,democrat,1952,,LOEBSACK,Dave,12025,,
115,House,0,29504,71,19,CA,100,democrat,1947,,LOFGREN,Zoe,12026,,
115,House,0,21150,34,7,MO,200,republican,1955,,LONG,Billy,12027,,
115,House,0,21515,44,11,GA,200,republican,1963,,LOUDERMILK,Barry D.,12297,,
115,House,0,21552,67,4,UT,200,republican,1975,,LOVE,Ludmya Bourdeau (Mia),12328,,
115,House,0,21313,71,47,CA,100,democrat,1941,,LOWENTHAL,Alan,12209,,
115,House,0,15612,13,17,NY,100,democrat,1937,,LOWEY,Nita M.,12028,,
115,House,0,29393,53,3,OK,200,republican,1960,,LUCAS,Frank D.,12029,,
115,House,0,20926,34,3,MO,200,republican,1952,,LUETKEMEYER,Blaine,12030,,
115,House,0,20932,66,3,NM,100,democrat,1972,,LUJAN,Ben Ray,12031,,
115,House,0,21341,66,1,NM,100,democrat,1959,,LUJAN GRISHAM,Michelle,12242,,
115,House,0,20119,3,8,MA,100,democrat,1955,,LYNCH,Stephen F.,12033,,
115,House,0,21537,12,3,NJ,200,republican,1960,,MacARTHUR,Thomas Charles,12315,,
115,House,0,29379,13,12,NY,100,democrat,1946,,MALONEY,Carolyn Bosher,12034,x,
115,House,0,21344,13,18,NY,100,democrat,1966,,MALONEY,Sean Patrick,12245,x,
115,Senate,1,40915,56,0,WV,100,democrat,1947,,MANCHIN,Joe,11848,,
115,House,0,20532,49,24,TX,200,republican,1951,,MARCHANT,Kenny,12035,,
115,House,0,21170,14,10,PA,200,republican,1952,,MARINO,Thomas A.,12036,,
115,Senate,1,14435,3,0,MA,100,democrat,1946,,MARKEY,Edward John,12037,,
115,House,0,31102,51,4,KY,200,republican,1971,,MASSIE,Thomas,12189,,
115,House,0,20538,71,6,CA,100,democrat,1944,,MATSUI,Doris,12038,,
115,Senate,1,15039,61,0,AZ,200,republican,1936,2018,McCAIN,John Sidney,12039,,
115,House,0,20703,71,23,CA,200,republican,1965,,MCCARTHY,Kevin,12040,,
115,Senate,1,40701,34,0,MO,100,democrat,1953,,McCASKILL,Claire,11819,,
115,House,0,20530,49,10,TX,200,republican,1962,,McCAUL,Michael T.,12041,,
115,House,0,20903,71,4,CA,200,republican,1956,,McCLINTOCK,Tom,12042,,
115,House,0,20122,33,4,MN,100,democrat,1954,,McCOLLUM,Betty,12043,,
115,Senate,1,14921,51,0,KY,200,republican,1942,,McCONNELL,Addison Mitchell (Mitch),11836,,
115,House,0,29729,3,2,MA,100,democrat,1959,,McGOVERN,James P.,12045,,
115,House,0,20522,47,10,NC,200,republican,1975,,McHENRY,Patrick T.,12046,,
115,House,0,21188,56,1,WV,200,republican,1947,,McKINLEY,David,12047,,
115,House,0,20535,73,5,WA,200,republican,1969,,McMORRIS RODGERS,Cathy,12048,,
115,House,0,20702,71,9,CA,100,democrat,1951,,McNERNEY,Jerry,12049,,
115,House,0,21501,61,2,AZ,200,republican,1966,,McSALLY,Martha,12284,,
115,House,0,21348,47,11,NC,200,republican,1959,,MEADOWS,Mark,12236,,
115,House,0,21168,14,7,PA,200,republican,1955,,MEEHAN,Patrick,12050,,
115,House,0,29776,13,5,NY,100,democrat,1953,,MEEKS,Gregory W.,12051,,
115,Senate,1,29373,12,0,NJ,100,democrat,1954,,MENENDEZ,Robert,11820,,
115,House,0,21342,13,6,NY,100,democrat,1975,,MENG,Grace,12243,,
115,Senate,1,40908,72,0,OR,100,democrat,1956,,MERKLEY,Jeff,11837,,
115,House,0,21332,22,6,IN,200,republican,1969,,MESSER,Luke,12224,,
115,House,0,21526,23,4,MI,200,republican,1961,,MOOLENAAR,John,12306,,
115,House,0,21557,56,2,WV,200,republican,1971,,MOONEY,Alex X.,12334,,
115,House,0,20537,25,4,WI,100,democrat,1951,,MOORE,Gwendolynne S. (Gwen),12056,,
115,Senate,1,29722,32,0,KS,200,republican,1954,,MORAN,Jerry,12057,,
115,House,0,21525,3,6,MA,100,democrat,1978,,MOULTON,Seth,12304,,
115,House,0,21355,53,2,OK,200,republican,1977,,MULLIN,Markwayne,12251,,
115,House,0,21176,48,5,SC,200,republican,1967,,MULVANEY,Mick,12058,,
115,Senate,1,40300,81,0,AK,200,republican,1957,,MURKOWSKI,Lisa,12059,,
115,Senate,1,20707,1,0,CT,100,democrat,1973,,MURPHY,Christopher,12060,x,
115,House,0,20346,14,18,PA,200,republican,1952,,MURPHY,Timothy,12061,x,
115,Senate,1,49308,73,0,WA,100,democrat,1950,,MURRAY,Patty,12062,,
115,House,0,29377,13,10,NY,100,democrat,1947,,NADLER,Jerrold Lewis,12063,,
115,House,0,29903,71,32,CA,100,democrat,1936,,NAPOLITANO,Grace Flores,12064,,
115,House,0,15616,3,1,MA,100,democrat,1949,,NEAL,Richard Edmund,12065,,
115,Senate,1,14651,43,0,FL,100,democrat,1942,,NELSON,Clarence William (Bill),11821,,
115,House,0,21556,73,4,WA,200,republican,1955,,NEWHOUSE,Daniel Milton,12332,,
115,House,0,21177,37,1,SD,200,republican,1971,,NOEM,Kristi,12067,,
115,House,0,14263,33,8,MN,100,democrat,1943,,NOLAN,Richard Michael,12231,,
115,House,0,21536,12,1,NJ,100,democrat,1958,,NORCROSS,Donald,12277,,
115,House,0,20307,71,22,CA,200,republican,1973,,NUNES,Devin,12070,,
115,House,0,20948,49,22,TX,200,republican,1962,,OLSON,Pete,12071,,
115,House,0,21361,49,16,TX,100,democrat,1972,,OROURKE,Beto,12258,,
115,House,0,21148,46,4,MS,200,republican,1970,,PALAZZO,Steven,12072,,
115,House,0,15454,12,6,NJ,100,democrat,1951,,PALLONE,Frank,12073,,
115,House,0,21500,41,6,AL,200,republican,1954,,PALMER,Gary James,12281,,
115,House,0,29741,12,9,NJ,100,democrat,1937,,PASCRELL,William J.,12074,,
115,Senate,1,41104,51,0,KY,200,republican,1963,,PAUL,Rand,12075,,
115,House,0,20924,33,3,MN,200,republican,1965,,PAULSEN,Erik,12076,,
115,House,0,31103,12,10,NJ,100,democrat,1958,,PAYNE,Donald,12190,,
115,House,0,20337,66,2,NM,200,republican,1947,,PEARCE,Stevan,12077,,
115,House,0,15448,71,12,CA,100,democrat,1940,,PELOSI,Nancy,12078,,
115,Senate,1,41501,44,0,GA,200,republican,1949,,PERDUE,David Alfred,12338,,
115,House,0,20705,62,7,CO,100,democrat,1953,,PERLMUTTER,Ed,12079,,
115,House,0,21356,14,4,PA,200,republican,1962,,PERRY,Scott,12252,,
115,Senate,1,20923,23,0,MI,100,democrat,1958,,PETERS,Gary C.,12080,x,
115,House,0,21315,71,52,CA,100,democrat,1958,,PETERS,Scott,12211,x,
115,House,0,29127,33,7,MN,100,democrat,1944,,PETERSON,Collin Clark,12081,,
115,House,0,20920,2,1,ME,100,democrat,1955,,PINGREE,Chellie,12083,,
115,House,0,21347,47,9,NC,200,republican,1948,,PITTENGER,Robert,12235,,
115,House,0,21370,25,2,WI,100,democrat,1964,,POCAN,Mark,12267,,
115,House,0,20528,49,2,TX,200,republican,1948,,POE,Ted,12085,,
115,House,0,21524,2,2,ME,200,republican,1953,,POLIQUIN,Bruce Lee,12305,,
115,House,0,20904,62,2,CO,100,democrat,1975,,POLIS,Jared,12086,,
115,House,0,21136,32,4,KS,200,republican,1963,,POMPEO,Mike,12087,,
115,Senate,1,29386,24,0,OH,200,republican,1955,,PORTMAN,Robert Jones (Rob),12088,,
115,House,0,20909,43,8,FL,200,republican,1947,,POSEY,Bill,12089,,
115,House,0,15438,47,4,NC,100,democrat,1940,,PRICE,David Eugene,12090,x,
115,House,0,20505,44,6,GA,200,republican,1954,,PRICE,Tom,12091,x,
115,House,0,20954,21,5,IL,100,democrat,1958,,QUIGLEY,Mike,12092,,
115,House,0,21549,49,4,TX,200,republican,1965,,RATCLIFFE,John,12325,,
115,Senate,1,29142,5,0,RI,100,democrat,1949,,REED,John F. (Jack),11838,x,
115,House,0,21101,13,23,NY,200,republican,1971,,REED,Thomas W. II,12094,x,
115,House,0,20536,73,8,WA,200,republican,1950,,REICHERT,David G.,12095,,
115,House,0,21164,24,16,OH,200,republican,1958,,RENACCI,Jim,12097,,
115,House,0,21359,48,7,SC,200,republican,1957,,RICE,Tom,12255,x,
115,House,0,21540,13,4,NY,100,democrat,1965,,RICE,Kathleen Maura,12319,x,
115,House,0,21137,45,2,LA,100,democrat,1973,,RICHMOND,Cedric,12099,,
115,Senate,1,40902,63,0,ID,200,republican,1943,,RISCH,James,11839,,
115,Senate,1,14852,32,0,KS,200,republican,1936,,ROBERTS,Charles Patrick (Pat),11840,,
115,House,0,21192,41,2,AL,200,republican,1976,,ROBY,Martha,12101,,
115,House,0,20947,54,1,TN,200,republican,1945,,ROE,David P. (Phil),12102,,
115,House,0,14854,51,5,KY,200,republican,1937,,ROGERS,Harold Dallas (Hal),12103,x,
115,House,0,20301,41,3,AL,200,republican,1958,,ROGERS,Mike Dennis,12104,x,
115,House,0,15621,71,48,CA,200,republican,1947,,ROHRABACHER,Dana,12105,,
115,House,0,21131,22,4,IN,200,republican,1970,,ROKITA,Todd,12106,,
115,House,0,20715,21,6,IL,200,republican,1961,,ROSKAM,Peter,12109,,
115,House,0,15634,43,27,FL,200,republican,1952,,ROS-LEHTINEN,Ileana,12108,,
115,House,0,21117,43,15,FL,200,republican,1959,,ROSS,Dennis,12110,,
115,House,0,21357,14,12,PA,200,republican,1962,,ROTHFUS,Keith,12253,,
115,Senate,1,41505,37,0,SD,200,republican,1954,,ROUNDS,Marion Michael (Mike),12341,,
115,House,0,21544,47,7,NC,200,republican,1972,,ROUZER,David,12313,,
115,House,0,29317,71,40,CA,100,democrat,1941,,ROYBAL-ALLARD,Lucille,12111,,
115,House,0,29321,71,39,CA,200,republican,1951,,ROYCE,Edward Randall,12112,,
115,Senate,1,41102,43,0,FL,200,republican,1971,,RUBIO,Marco,12113,,
115,House,0,21311,71,36,CA,100,democrat,1972,,RUIZ,Raul,12207,,
115,House,0,20329,52,2,MD,100,democrat,1946,,RUPPERSBERGER,C. A. (Dutch),12114,,
115,House,0,29346,21,1,IL,100,democrat,1946,,RUSH,Bobby L.,12115,,
115,House,0,21546,53,5,OK,200,republican,1963,,RUSSELL,Steve,12322,,
115,House,0,29939,25,1,WI,200,republican,1970,,RYAN,Paul D.,12116,x,
115,House,0,20343,24,13,OH,100,democrat,1973,,RYAN,Timothy J.,12117,x,
115,House,0,20310,71,38,CA,100,democrat,1969,,SANCHEZ,Linda T.,12149,,
115,Senate,1,29147,6,0,VT,328,independent,1941,,SANDERS,Bernard,11822,,
115,House,0,29565,48,1,SC,200,republican,1960,,SANFORD,Mark,12269,,
115,House,0,20724,52,3,MD,100,democrat,1962,,SARBANES,John,12120,,
115,Senate,1,41503,35,0,NE,200,republican,1972,,SASSE,Benjamin Eric,12343,,
115,House,0,20759,45,1,LA,200,republican,1965,,SCALISE,Steve,12121,,
115,House,0,29911,21,9,IL,100,democrat,1944,,SCHAKOWSKY,Janice D.,12122,,
115,Senate,1,41112,82,0,HI,100,democrat,1972,,SCHATZ,Brian Emanuel,12191,,
115,House,0,20104,71,28,CA,100,democrat,1960,,SCHIFF,Adam,12123,,
115,House,0,20944,72,5,OR,100,democrat,1951,,SCHRADER,Kurt,12124,,
115,Senate,1,14858,13,0,NY,100,democrat,1950,,SCHUMER,Charles Ellis (Chuck),12125,,
115,House,0,21105,61,6,AZ,200,republican,1962,,SCHWEIKERT,David,12126,,
115,House,0,21123,44,8,GA,200,republican,1969,,SCOTT,Austin,12127,x,
115,House,0,20321,44,13,GA,100,democrat,1945,,SCOTT,David,12128,x,
115,House,0,39307,40,3,VA,100,democrat,1947,,SCOTT,Robert C.,12129,x,
115,Senate,1,21173,48,0,SC,200,republican,1965,,SCOTT,Tim,12130,x,
115,House,0,14657,25,5,WI,200,republican,1943,,SENSENBRENNER,Frank James,12131,,
115,House,0,29134,13,15,NY,100,democrat,1943,,SERRANO,JosÃ© E.,12132,,
115,Senate,1,49700,41,0,AL,200,republican,1946,,SESSIONS,Jefferson Beauregard III (Jeff),11841,x,
115,House,0,29759,49,32,TX,200,republican,1955,,SESSIONS,Pete,12133,x,
115,House,0,21102,41,7,AL,100,democrat,1965,,SEWELL,Terri,12134,,
115,Senate,1,40906,4,0,NH,100,democrat,1947,,SHAHEEN,Jeanne,11842,,
115,Senate,1,94659,41,0,AL,200,republican,1934,,SHELBY,Richard C.,12135,,
115,House,0,29707,71,30,CA,100,democrat,1954,,SHERMAN,Brad,12136,,
115,House,0,29718,21,15,IL,200,republican,1958,,SHIMKUS,John M.,12137,,
115,House,0,20134,14,9,PA,200,republican,1961,,SHUSTER,William (Bill),12138,,
115,House,0,29910,63,2,ID,200,republican,1950,,SIMPSON,Michael K.,12139,,
115,House,0,21300,61,9,AZ,100,democrat,1976,,SINEMA,Kyrsten,12198,,
115,House,0,20542,12,8,NJ,100,democrat,1951,,SIRES,Albio,12140,,
115,House,0,15444,13,25,NY,100,democrat,1929,2018,SLAUGHTER,Louise McIntosh,12141,,
115,House,0,29768,73,9,WA,100,democrat,1965,,SMITH,Adam,12142,x,
115,House,0,20729,35,3,NE,200,republican,1970,,SMITH,Adrian,12143,x,
115,House,0,14863,12,4,NJ,200,republican,1953,,SMITH,Christopher Henry,12144,x,
115,House,0,15445,49,21,TX,200,republican,1947,,SMITH,Lamar Seeligson,12145,x,
115,House,0,21373,34,8,MO,200,republican,1980,,SMITH,Jason,12270,x,
115,House,0,20762,71,14,CA,100,democrat,1950,,SPEIER,Karen Lorraine Jacqueline (Jackie),12146,,
115,Senate,1,29732,23,0,MI,100,democrat,1950,,STABENOW,Deborah Ann,11823,,
115,House,0,21541,13,21,NY,200,republican,1984,,STEFANIK,Elise M,12320,,
115,House,0,21367,67,2,UT,200,republican,1960,,STEWART,Chris,12263,,
115,House,0,21163,24,15,OH,200,republican,1965,,STIVERS,Steve,12147,,
115,Senate,1,41500,81,0,AK,200,republican,1964,,SULLIVAN,Daniel Scott,12337,,
115,House,0,21306,71,15,CA,100,democrat,1980,,SWALWELL,Eric,12203,,
115,House,0,21312,71,41,CA,100,democrat,1960,,TAKANO,Mark,12208,,
115,Senate,1,40702,64,0,MT,100,democrat,1956,,TESTER,Jon,11824,,
115,House,0,29368,46,2,MS,100,democrat,1948,,THOMPSON,Bennie,12150,x,
115,House,0,29901,71,5,CA,100,democrat,1951,,THOMPSON,Michael,12151,x,
115,House,0,20946,14,5,PA,200,republican,1959,,THOMPSON,Glenn,12152,x,
115,House,0,29572,49,13,TX,200,republican,1958,,THORNBERRY,William McClellan (Mac),12153,,
115,Senate,1,29754,37,0,SD,200,republican,1961,,THUNE,John,12154,,
115,House,0,20130,24,12,OH,200,republican,1962,,TIBERI,Patrick (Pat),12155,,
115,Senate,1,41504,47,0,NC,200,republican,1960,,TILLIS,Thomas Roland (Thom),12340,,
115,House,0,21111,62,3,CO,200,republican,1956,,TIPTON,Scott,12156,,
115,House,0,20927,65,1,NV,100,democrat,1950,,TITUS,Alice (Dina),12196,,
115,House,0,20934,13,20,NY,100,democrat,1949,,TONKO,Paul,12157,,
115,Senate,1,29935,14,0,PA,200,republican,1961,,TOOMEY,Patrick Joseph,12158,,
115,House,0,21508,71,35,CA,100,democrat,1965,,TORRES,Norma Judith,12290,,
115,House,0,21528,23,11,MI,200,republican,1960,,TROTT,David A.,12308,,
115,House,0,20754,3,3,MA,100,democrat,1946,,TSONGAS,Nicola S. (Niki),12159,,
115,House,0,20342,24,10,OH,200,republican,1960,,TURNER,Michael R.,12160,,
115,Senate,1,29924,66,0,NM,100,democrat,1948,,UDALL,Thomas (Tom),11843,,
115,House,0,15446,23,6,MI,200,republican,1953,,UPTON,Frederick Stephen,12161,,
115,House,0,21307,71,21,CA,200,republican,1977,,VALADAO,David G.,12204,,
115,Senate,1,20330,52,0,MD,100,democrat,1959,,VAN HOLLEN,Christopher,12162,,
115,House,0,21314,71,51,CA,100,democrat,1961,,VARGAS,Juan,12210,,
115,House,0,21365,49,33,TX,100,democrat,1971,,VEASEY,Marc,12261,,
115,House,0,21366,49,34,TX,100,democrat,1963,,VELA,Filemon,12262,,
115,House,0,29378,13,7,NY,100,democrat,1953,,VELAZQUEZ,Nydia M.,12163,,
115,House,0,15124,22,1,IN,100,democrat,1949,,VISCLOSKY,Peter,12164,,
115,House,0,21337,34,2,MO,200,republican,1962,,WAGNER,Ann,12232,,
115,House,0,20725,23,7,MI,200,republican,1951,,WALBERG,Tim,12166,,
115,House,0,29932,72,2,OR,200,republican,1957,,WALDEN,Greg,12167,,
115,House,0,21543,47,6,NC,200,republican,1969,,WALKER,Bradley Mark,12342,,
115,House,0,21330,22,2,IN,200,republican,1963,,WALORSKI,Jackie,12222,,
115,House,0,21509,71,45,CA,200,republican,1962,,WALTERS,Mimi,12291,,
115,House,0,20726,33,1,MN,100,democrat,1964,,WALZ,Tim,12168,,
115,Senate,1,40909,40,0,VA,100,democrat,1954,,WARNER,Mark,11844,,
115,Senate,1,41301,3,0,MA,100,democrat,1949,,WARREN,Elizabeth,12226,,
115,House,0,20504,43,23,FL,100,democrat,1966,,WASSERMAN SCHULTZ,Debbie,12169,,
115,House,0,29106,71,43,CA,100,democrat,1938,,WATERS,Maxine,12170,,
115,House,0,21538,12,12,NJ,100,democrat,1945,,WATSON COLEMAN,Bonnie,12316,,
115,House,0,21360,49,14,TX,200,republican,1953,,WEBER,Randy,12257,,
115,House,0,21116,43,11,FL,200,republican,1949,,WEBSTER,Daniel A.,12171,,
115,House,0,20750,6,1,VT,100,democrat,1947,,WELCH,Peter,12172,,
115,House,0,21351,24,2,OH,200,republican,1958,,WENSTRUP,Brad,12247,,
115,House,0,21563,42,4,AR,200,republican,1967,,WESTERMAN,Bruce Eugene,12283,,
115,Senate,1,40704,5,0,RI,100,democrat,1955,,WHITEHOUSE,Sheldon,11825,,
115,Senate,1,29534,46,0,MS,200,republican,1951,,WICKER,Roger F.,11827,,
115,House,0,21364,49,25,TX,200,republican,1949,,WILLIAMS,Roger,12260,,
115,House,0,20138,48,2,SC,200,republican,1947,,WILSON,Addison Graves (Joe),12174,x,
115,House,0,21118,43,24,FL,100,democrat,1942,,WILSON,Frederica,12175,x,
115,House,0,20756,40,1,VA,200,republican,1959,,WITTMAN,Robert J.,12176,,
115,House,0,21108,42,3,AR,200,republican,1957,,WOMACK,Steve,12177,,
115,House,0,21122,44,7,GA,200,republican,1970,,WOODALL,Rob,12178,,
115,Senate,1,14871,72,0,OR,100,democrat,1949,,WYDEN,Ronald Lee,12179,,
115,House,0,20723,51,3,KY,100,democrat,1947,,YARMUTH,John,12180,,
115,House,0,21135,32,3,KS,200,republican,1976,,YODER,Kevin,12181,,
115,House,0,21317,43,3,FL,200,republican,1955,,YOHO,Ted,12213,,
115,House,0,14066,81,1,AK,200,republican,1933,,YOUNG,Donald Edwin,12182,x,
115,Senate,1,21133,22,0,IN,200,republican,1972,,YOUNG,Todd,12183,x,
115,House,0,21521,31,3,IA,200,republican,1968,,YOUNG,David,12300,x,
115,House,0,21539,13,1,NY,200,republican,1980,,ZELDIN,Lee M,12318,,
115,House,0,21532,64,1,MT,200,republican,1961,,ZINKE,Ryan,12312,,
